{
  "val_roc_auc": 0.9292087853000751,
  "val_pr_auc": 0.818465724489242,
  "val_precision_at_1pct": 0.3831578947368421,
  "val_precision_at_0.5pct": 0.759493670886076,
  "best_iteration": 655,
  "n_features": 29,
  "n_train": 190055,
  "n_val": 47514,
  "val_positives": 212,
  "scale_pos_weight": 203.80064655172413
}