{
  "val_roc_auc": 0.9480878642245592,
  "val_pr_auc": 0.6498072841175034,
  "val_precision_at_1pct": 0.35157894736842105,
  "val_precision_at_0.5pct": 0.6877637130801688,
  "best_iteration": 11,
  "n_features": 29,
  "n_train": 190062,
  "n_val": 47516,
  "val_positives": 202,
  "scale_pos_weight": 200.33686440677965
}