{
  "val_roc_auc": 0.9397390176520294,
  "val_pr_auc": 0.8453748615815456,
  "val_precision_at_1pct": 0.37473684210526315,
  "val_precision_at_0.5pct": 0.7426160337552743,
  "best_iteration": 252,
  "n_features": 29,
  "n_train": 190062,
  "n_val": 47516,
  "val_positives": 202,
  "scale_pos_weight": 200.33686440677965
}